{
    "outputs": {
        "memory": {
            "utilization": {
                "O": [
                    0.5,
                    0.08203125,
                    0.0001572864
                ],
                "W": [
                    0.1875,
                    0.0001572864
                ],
                "I": [
                    0.08203125,
                    0.0001572864
                ]
            },
            "word_accesses": {
                "O": [
                    "4waydatamoving (rd /\\: 24576, wr V: 0, rd V: 294912, wr /\\: 294912)",
                    "4waydatamoving (rd /\\: 96, wr V: 0, rd V: 0, wr /\\: 96)",
                    "4waydatamoving (rd /\\: 0, wr V: 0, rd V: 0, wr /\\: 3072)"
                ],
                "W": [
                    "4waydatamoving (rd /\\: 0, wr V: 24576, rd V: 9437184, wr /\\: 0)",
                    "4waydatamoving (rd /\\: 0, wr V: 0, rd V: 3072, wr /\\: 0)"
                ],
                "I": [
                    "4waydatamoving (rd /\\: 0, wr V: 576, rd V: 1152, wr /\\: 0)",
                    "4waydatamoving (rd /\\: 0, wr V: 0, rd V: 18432, wr /\\: 0)"
                ]
            }
        },
        "energy": {
            "energy_total": 19419709.439999998,
            "operational_energy": 377487.36,
            "memory_energy": 19042222.08,
            "memory_energy_breakdown_per_level": {
                "O": [
                    12902.4,
                    76277.76,
                    2304000
                ],
                "W": [
                    898867.2,
                    2150400
                ],
                "I": [
                    697374.72,
                    12902400
                ]
            },
            "memory_energy_breakdown_per_level_per_operand": {
                "O": [
                    "4waydatamoving (rd /\\: 516.096, wr V: 0.0, rd V: 6193.152, wr /\\: 6193.152)",
                    "4waydatamoving (rd /\\: 39951.36, wr V: 0.0, rd V: 0.0, wr /\\: 36326.399999999994)",
                    "4waydatamoving (rd /\\: 0, wr V: 0, rd V: 0, wr /\\: 2304000)"
                ],
                "W": [
                    "4waydatamoving (rd /\\: 0.0, wr V: 2334.7200000000003, rd V: 896532.48, wr /\\: 0.0)",
                    "4waydatamoving (rd /\\: 0, wr V: 0, rd V: 2150400, wr /\\: 0)"
                ],
                "I": [
                    "4waydatamoving (rd /\\: 0.0, wr V: 217958.4, rd V: 479416.32, wr /\\: 0.0)",
                    "4waydatamoving (rd /\\: 0, wr V: 0, rd V: 12902400, wr /\\: 0)"
                ]
            }
        },
        "latency": {
            "data_onloading": 18432,
            "computation": 9216,
            "data_offloading": 3073
        },
        "spatial": {
            "mac_utilization": {
                "ideal": 1.0,
                "stalls": 1.0,
                "stalls_onloading": 0.3333333333333333,
                "stalls_onloading_offloading": 0.2999902346928811
            }
        }
    },
    "inputs": {
        "accelerator": {
            "name": "tpu_like",
            "cores": [
                {
                    "id": 1,
                    "operational_array": {
                        "operational_unit": {
                            "input_precision": [
                                8,
                                8
                            ],
                            "output_precision": 16,
                            "precision": [
                                8,
                                8,
                                16
                            ],
                            "cost": 0.04,
                            "area": 1
                        },
                        "dimensions": {
                            "D1": 32,
                            "D2": 32
                        }
                    },
                    "memory_hierarchy": {
                        "memory_levels": [
                            "MemoryLevel(instance=rf_128B,operands=[I2], served_dimensions=set())",
                            "MemoryLevel(instance=rf_2B,operands=[O], served_dimensions={D2})",
                            "MemoryLevel(instance=sram_2MB,operands=[I1, O], served_dimensions={D2, D1})",
                            "MemoryLevel(instance=dram,operands=[I1, I2, O], served_dimensions={D2, D1})"
                        ]
                    },
                    "mem_hierarchy_dict": {
                        "I2": [
                            "MemoryLevel(instance=rf_128B,operands=[I2], served_dimensions=set())",
                            "MemoryLevel(instance=dram,operands=[I1, I2, O], served_dimensions={D2, D1})"
                        ],
                        "O": [
                            "MemoryLevel(instance=rf_2B,operands=[O], served_dimensions={D2})",
                            "MemoryLevel(instance=sram_2MB,operands=[I1, O], served_dimensions={D2, D1})",
                            "MemoryLevel(instance=dram,operands=[I1, I2, O], served_dimensions={D2, D1})"
                        ],
                        "I1": [
                            "MemoryLevel(instance=sram_2MB,operands=[I1, O], served_dimensions={D2, D1})",
                            "MemoryLevel(instance=dram,operands=[I1, I2, O], served_dimensions={D2, D1})"
                        ]
                    },
                    "dataflows": null,
                    "mem_size_dict": {
                        "I2": [
                            1024,
                            10000000000
                        ],
                        "O": [
                            16,
                            16777216,
                            10000000000
                        ],
                        "I1": [
                            16777216,
                            10000000000
                        ]
                    },
                    "mem_r_bw_dict": {
                        "I2": [
                            8,
                            64
                        ],
                        "O": [
                            16,
                            2048,
                            64
                        ],
                        "I1": [
                            2048,
                            64
                        ]
                    },
                    "mem_w_bw_dict": {
                        "I2": [
                            8,
                            64
                        ],
                        "O": [
                            16,
                            2048,
                            64
                        ],
                        "I1": [
                            2048,
                            64
                        ]
                    },
                    "mem_r_bw_min_dict": {
                        "I2": [
                            8,
                            64
                        ],
                        "O": [
                            16,
                            64,
                            64
                        ],
                        "I1": [
                            64,
                            64
                        ]
                    },
                    "mem_w_bw_min_dict": {
                        "I2": [
                            8,
                            64
                        ],
                        "O": [
                            16,
                            64,
                            64
                        ],
                        "I1": [
                            64,
                            64
                        ]
                    },
                    "mem_sharing_list": [
                        {
                            "I1": 1,
                            "I2": 1,